bids_name	cjv	cnr	efc	fber	fwhm_avg	fwhm_x	fwhm_y	fwhm_z	icvs_csf	icvs_gm	icvs_wm	inu_med	inu_range	qi_1	qi_2	rpve_csf	rpve_gm	rpve_wm	size_x	size_y	size_z	snr_csf	snr_gm	snr_total	snr_wm	snrd_csf	snrd_gm	snrd_total	snrd_wm	spacing_x	spacing_y	spacing_z	summary_bg_k	summary_bg_mad	summary_bg_mean	summary_bg_median	summary_bg_n	summary_bg_p05	summary_bg_p95	summary_bg_stdv	summary_csf_k	summary_csf_mad	summary_csf_mean	summary_csf_median	summary_csf_n	summary_csf_p05	summary_csf_p95	summary_csf_stdv	summary_gm_k	summary_gm_mad	summary_gm_mean	summary_gm_median	summary_gm_n	summary_gm_p05	summary_gm_p95	summary_gm_stdv	summary_wm_k	summary_wm_mad	summary_wm_mean	summary_wm_median	summary_wm_n	summary_wm_p05	summary_wm_p95	summary_wm_stdv	tpm_overlap_csf	tpm_overlap_gm	tpm_overlap_wm	wm2max
sub-01_T1w	0.3693195471537296	3.6205132501568027	0.6410078832463348	37344.52352873165	4.605422221798033	4.331053332060766	4.738813333333334	4.7464	0.204491980939646	0.4245441134296839	0.3709639056306701	0.4175489544868469	0.15965948700904847	0.0	0.023646332525927478	17.245895661747657	8.68836684948751	11.20434185582626	192	320	320	3.468727078062368	16.285771776167582	14.765086216159993	24.54075979425003	50.064292378042246	117.1613701208666	106.26576375159145	151.57162875586548	0.7999947667121887	0.75	0.75	10.46770883620651	0.0	2.1996500764033184	0.0	3698050.0	0.0	9.826639600098133	4.322660230336305	2.9336348862474644	66.22850033229028	340.54167882332234	330.3295704871416	184775.0	212.8261328585446	513.6457467824221	95.23051804948923	0.47036547785266913	44.66129417220728	772.254590717432	773.0432855710387	154217.0	692.928280621767	849.1675591543317	47.46724870288993	0.35445886032832696	39.18996753572604	1001.3888062517185	1000.085862532258	639185.0	936.87782702595	1070.674605511129	40.752001511092885	0.16274569382464574	0.4400120814445191	0.48877678724204576	0.44890883525627445
